vehicle_brand,total_policies,total_claims,mean_claims
B1,162736,8677,0.05331948677608007
B10,17707,858,0.04845541311345724
B11,13585,721,0.05307324254692466
B12,166024,8859,0.05335975521610186
B13,12178,649,0.05329282312366337
B14,4047,166,0.041018038052879735
B2,159861,8560,0.05354651853795306
B3,53395,2818,0.05277647719824848
B4,25179,1312,0.05210691449223051
B5,34753,2020,0.05812447846229728
B6,28548,1462,0.05121199383493933
