driver_age_group,claim_amount_mean,n
25-49,2046.317901682138,393073
50-74,2079.8020367936974,232401
75 and above,2737.6165658747323,22341
Under 25,6329.56561185985,30198
