driver_age_group,mean_claims
Under 25,0.07828333002185052
75 and above,0.0704534264357062
50-74,0.055395630827825004
25-49,0.04907485378025319
